ISSN,Título,Estrato
2092-6731,3D Research,B3
0889-325X,ACI Materials Journal,A1
0889-3241,ACI Structural Journal,B1
0102-8979,AU. Arquitetura e Urbanismo,C 
Jan-75,Accident Analysis and Prevention,A1
0044-5967,Acta Amazonica (Impresso),B3
2179-975X,Acta Limnologica Brasiliensia (Online),B2
0102-6712,Acta Limnológica Brasiliensia,B2
1146-609X,Acta Oecologica (Montrouge),B2
1806-2563,Acta Scientiarum. Technology (Impresso),B1
1807-8664,Acta Scientiarum. Technology (Online),B1
1983-442X,Acústica e Vibrações,B5
1662-8985,Advanced Materials Research (Online),B2
2165-3410,Advances in Microbiology,C 
1369-4332,Advances in Structural Engineering,B2
1991-637X,African Journal of Agricultural Research,B4
1684-5315,African Journal of Biotechnology,B3
1993-8233,African Journal of Business Management,B4
2156-8561,Agricultural Sciences,C 
0308-521X,Agricultural Systems,B2
1982-8470,Agro@mbiente On-line,B4
0100-4298,Agroanalysis (FGV),B5
1405-3195,Agrociencia (Montecillo),B2
0100-7467,Agropecuária Técnica (UFPB),B5
1981-0997,Agrária (Recife. Online),B5
1748-8842,Aircraft Engineering and Aerospace Technology: an international journal,B2
0971-4693,Allelopathy Journal,B3
1809-4422,Ambiente & Sociedade (Online),B2
1678-8621,Ambiente Construído (Online),B2
1415-8876,Ambiente Construído (São Paulo. Impresso),B2
2175-9405,Ambiência (Online),B5
1808-0251,Ambiência (UNICENTRO),B4
1390-1230,America Latina en Movimiento,C 
2156-8251,American Journal of Analytical Chemistry,B3
1546-9239,American Journal of Applied Sciences,B3
1553-345X,American Journal of Environmental Sciences,B2
0889-5406,American Journal of Orthodontics and Dentofacial Orthopedics,B2
2321-2748,American Journal of Phytomedicine and Clinical Therapeutics,C 
1818-6769,American-Eurasian Journal of Agricultural & Environmental Sciences,B5
Jan-65,Anais da Academia Brasileira de Ciências (Impresso),B1
1677-3055,Analytica (São Paulo),B4
1759-9660,Analytical Methods (Print),B1
2214-9996,Ann Glob health,C 
1432-0576,Annales Geophysicae,B2
2373-9258,Annals of Clinical and Experimental Hypertension,C 
2161-5012,Annals of Management Science,C 
0101-9759,Anuário do Instituto de Geociências (UFRJ. Impresso),B2
0003-682X,Applied Acoustics,B2
0273-2289,Applied Biochemistry and Biotechnology,A2
1559-0291,Applied Biochemistry and Biotechnology (Online),B1
0926-3373,"Applied Catalysis. B, Environmental (Print)",B3
0306-2619,Applied Energy,A1
0143-6228,Applied Geography (Sevenoaks),B1
0307-904X,Applied Mathematical Modelling,C 
0096-3003,Applied Mathematics and Computation,A1
1660-9336,Applied Mechanics and Materials,B2
1662-7482,Applied Mechanics and Materials,B3
0141-1187,Applied Ocean Research,B2
1568-4946,Applied Soft Computing (Print),B2
0929-1393,Applied Soil Ecology (Print),B1
0169-4332,Applied Surface Science,B1
1359-4311,Applied Thermal Engineering,B5
0967-6120,Aquaculture International,B2
1365-2109,Aquaculture Research (Online),C 
1864-7790,Aquatic Biology (Internet),B2
1866-7511,Arabian Journal of Geosciences (Print),B4
1745-2007,Architectural Engineering and Design Management,B3
Mar-28,Architectural Science Review (Sydney),B4
0090-4341,Archives of Environmental Contamination and Toxicology (Print),C 
2317-3009,Archives of Health Investigation,B2
1815-5898,Arquitectura y Urbanismo,B4
1808-5741,Arquiteturarevista (UNISINOS),B5
0102-0935,Arquivo Brasileiro de Medicina Veterinária e Zootecnia,B2
1807-1325,Arquivos de Ciências da Saúde (FAMERP),B5
2317-6059,Art Music Review,B5
1517-7432,Assentamentos Humanos (Marília),B2
1414-381X,Associação Brasileira de Recursos Hídricos (A B R H),B3
1982-1956,Ateliê Geográfico (UFG),B2
1352-2310,Atmospheric Environment (1994),B2
1309-1042,Atmospheric Pollution Research,B2
0195-5373,Atomic Spectroscopy,B5
1852-2181,Augm Domus,B4
1991-8178,Australian Journal of Basic and Applied Sciences,C 
1519-7859,Ação Ergonômica,B3
1807-7692,BAR. Brazilian Administration Review,B3
1138-9796,Biblio 3w (Barcelona),B2
1024-2422,Biocatalysis and Biotransformation (Print),B2
0923-9820,Biodegradation (Dordrecht),C 
1726-4189,Biogeosciences,B5
0961-9534,Biomass & Bioenergy,B1
1615-7591,Bioprocess and Biosystems Engineering (Print),B4
0960-8524,Bioresource Technology,B1
1981-3163,Bioscience Journal (Online),C 
1537-5110,Biosystems Engineering,B2
1676-0603,Biota Neotropica (Edição em Português. Online),C 
0141-5492,Biotechnology Letters,C 
1573-6776,Biotechnology Letters (Dordrecht. Online),B2
0101-7888,Boletim Gaúcho de Geografia,B2
1982-2170,Boletim de Ciências Geodésicas (Online),B1
0046-9939,Boletim do Instituto de Pesca (Impresso),B1
Jun-05,"Bragantia (São Paulo, SP. Impresso)",B2
1516-8913,Brazilian Archives of Biology and Technology (Impresso),B1
2179-2321,Brazilian Geographical Journal: geosciences and humanities research medium,B3
1808-7035,Brazilian Journal of Aquatic Science and Technology (Impresso),B3
1519-6984,Brazilian Journal of Biology (Impresso),B2
1678-4375,Brazilian Journal of Biology (Online),B2
0104-6632,Brazilian Journal of Chemical Engineering (Impresso),B1
1517-8382,Brazilian Journal of Microbiology (Impresso),B2
1981-3821,Brazilian Political Science Review,C 
1435-9537,Bulletin of Engineering Geology and the Environment (Internet),C 
1435-9529,Bulletin of Engineering Geology and the Environment (Print),A2
Jul-61,Bulletin of Environmental Contamination and Toxicology,B1
2047-0398,Business Management Review (BMR),C 
0102-3543,C&T. Revista Militar de Ciência e Tecnologia,B5
0104-7760,CERNE (UFLA),B2
1809-4708,Caderno Técnico Alvenaria Estrutural,B3
1677-5600,Caderno de Pesquisa. Série Biologia (UNISC),B5
1519-0951,Cadernos ADENAUER (São Paulo),B5
1414-462X,Cadernos Saúde Coletiva (UFRJ),B3
1413-2095,Cadernos de Arquitetura e Urbanismo (PUCMG),B4
1679-7604,Cadernos do PROARQ (UFRJ),B4
1678-6343,Caminhos de Geografia (UFU),B5
0711-6659,Canadian Acoustics,B2
Aug-74,Canadian Geotechnical Journal (Print),A2
Aug-34,Canadian Journal of Chemical Engineering,A2
0315-1468,Canadian Journal of Civil Engineering (Print),B1
Aug-71,Canadian Journal of Soil Science,B1
1864-9904,Carbon & Climate Law Review (Print),C 
2090-7001,Case Reports in Veterinary Medicine,C 
0920-5861,Catalysis Today (Print),B2
0958-9465,Cement & Concrete Composites,A1
Aug-46,Cement and Concrete Research,A1
0272-8842,Ceramics International,A1
0366-6913,Cerâmica (São Paulo. Impresso),B2
1413-4608,Cerâmica Industrial (Impresso),B4
1867-3880,ChemCatChem,B2
1385-8947,Chemical Engineering Journal (1996),A1
0263-8762,Chemical Engineering Research & Design,B1
1974-9791,Chemical Engineering Transactions,B3
Sep-14,Chemical Physics Letters (Print),B2
0045-6535,Chemosphere (Oxford),A1
1984-5529,Científica (Jaboticabal. Online),B5
1982-0801,Científica Cet-Faesa,C 
1983-4071,Ciência & Engenharia,B2
0103-944X,Ciência & Engenharia (UFU. Impresso),B2
0103-9954,Ciência Florestal (UFSM. Impresso),B1
0101-8515,Ciência Hoje,B4
1413-7054,Ciência e Agrotecnologia (UFLA),B1
2179-460X,Ciência e Natura,B4
1413-8123,Ciência e Saúde Coletiva (Impresso),B1
2317-4595,Ciência e Sociedade,C 
1863-0650,Clean (Weinheim. Print),A1
1618-954X,Clean Technologies and Environmental Policy (Print),A1
0165-0009,Climatic Change,A2
1573-1480,Climatic Change (online),B1
2317-1782,CoDAS,B5
2239-5598,Colloquia Mediterranea,C 
Oct-24,Communications in Soil Science and Plant Analysis,B2
1585-8553,Community Ecology (Print),B3
0263-8223,Composite Structures,A1
1359-8368,"Composites. Part B, Engineering",A2
0927-0256,Computational Materials Science,A2
1432-0924,Computational Mechanics (Berlin. Internet),A1
0045-7825,Computer Methods in Applied Mechanics and Engineering,A1
1526-1506,Computer Modeling in Engineering & Sciences,B2
1526-1492,Computer Modeling in Engineering & Sciences (Print),B2
0098-3004,Computers & Geosciences,A2
0360-8352,Computers & Industrial Engineering,A2
0305-0548,Computers & Operations Research,B1
0045-7949,Computers & Structures,A1
1598-8198,"Computers and Concrete, an International Journal (Print)",A2
0266-352X,Computers and Geotechnics,A2
2177-5133,Comunicata Scientiae (Online),B3
0873-948X,Comunicações Geológicas,B5
1519-7204,Conceitos (João Pessoa),B5
1809-7197,Concreto & Contrução,B4
0185-1233,Concreto y Cemento: investigación y desarrollo,B4
2317-3254,Conexão Política - Revistas Eletrônicas da UFPI,C 
1958-9212,Confins (Paris),B3
0950-0618,Construction & Building Materials,A1
2175-7143,Construindo,B5
1677-8642,Construir Nordeste,C 
1519-8898,Construção Mercado (São Paulo),C 
1783-094X,Contextes (Liege),B5
0278-4343,Continental Shelf Research,B1
0935-1175,Continuum Mechanics and Thermodynamics (Print),B1
0100-1485,Corrosão e Proteção,B5
1808-351X,Corte e Conformação de Metais,C 
1432-0991,Current Microbiology,B1
Dec-53,DYNA (Medellín),B1
2317-949X,Desafio Online,B5
Nov-64,Desalination (Amsterdam),A1
1944-3986,Desalination and Water Treatment (Online),B1
1944-3994,Desalination and Water Treatment (Print),B1
1518-952X,Desenvolvimento e Meio Ambiente (UFPR),B4
0103-4383,Divulgacao em Saude para Debate,B5
2175-6716,Drops (São Paulo),C 
1435-4934,E-Journal of Nondestructive Testing and Ultrasonics,B3
1983-1838,E-tech: Tecnologias para Competitividade Industrial,B4
1642-3593,Ecohydrology & Hydrobiology,B2
0925-8574,Ecological Engineering,A1
1470-160X,Ecological Indicators,A1
0304-3800,Ecological Modelling,A1
1708-3087,Ecology and Society: a journal of integrative science for resilience and sustainability,B1
1573-3017,Ecotoxicology (Dordrecht. Online),A2
0963-9292,Ecotoxicology (London),A2
0101-756X,Educação Agrícola Superior,C 
1678-0701,Educação Ambiental em Ação,B5
2238-0515,"Empreendedorismo, Gestão e Negócios  Revista do Curso de Administração",B5
1809-0583,Enciclopédia Biosfera,B5
1754-5692,Energy & Environmental Science (Print),B1
0360-5442,Energy (Oxford),A2
0196-8904,Energy Conversion and Management,A1
0301-4215,Energy Policy,B1
1876-6102,Energy Procedia,B2
0378-7788,Energy and Buildings,A1
0100-6916,Engenharia Agrícola (Impresso),B2
0873-1152,Engenharia Civil UM (Braga),B3
1415-3025,Engenharia Estudo e Pesquisa,B5
1413-4152,Engenharia Sanitária e Ambiental,B1
1809-4457,Engenharia Sanitária e Ambiental (Online),B1
14157314,Engevista (UFF),C 
1415-7314,Engevista (UFF),B5
1947-3931,Engineering,C 
0955-7997,Engineering Analysis with Boundary Elements,A1
0952-1976,Engineering Applications of Artificial Intelligence,A2
0264-4401,Engineering Computations,B1
1350-6307,Engineering Failure Analysis,A2
0013-7952,Engineering Geology,A2
2052-5257,Engineering Science Letters,C 
0141-0296,Engineering Structures,A1
0177-0667,Engineering with Computers,A2
1435-5663,Engineering with Computers (Internet),C 
1316-0257,Entre Rayas (Caracas),B5
1927-0488,Environment and Natural Resources Research,B5
1387-585X,"Environment, Development and Sustainability",B2
1866-6280,Environmental Earth Sciences (Print),A2
1092-8758,Environmental Engineering Science,A2
1582-9596,Environmental Engineering and Management Journal (Print),A2
0364-152X,Environmental Management (New York),A1
1364-8152,Environmental Modelling & Software,A1
1573-2959,Environmental Monitoring and Assessment (Dordrecht. Online),A1
0167-6369,Environmental Monitoring and Assessment (Print),A1
1748-9326,Environmental Research Letters,B2
0944-1344,Environmental Science and Pollution Research International,A1
0959-3330,Environmental Technology,A1
1520-4081,Environmental Toxicology (Print),B1
1552-8618,Environmental Toxicology and Chemistry,A2
1614-7499,Environmetal Science and Pollution Research International (Internet),C 
0798-1015,Espacios (Caracas),B4
1807-8575,Espaço Energia,B4
2317-7837,Espaço e Economia,B5
1559-2723,Estuaries and Coasts,B1
1851-1732,Estudios y Perspectivas en Turismo (En Línea),B5
1678-698X,Estudos Geográficos (UNESP),B4
1983-196X,Estudos em Design (Online),C 
0997-7538,"European Journal of Mechanics. A, Solids",A1
0377-2217,European Journal of Operational Research,B1
0929-1873,European Journal of Plant Pathology,B3
1980-6434,Evocati Revista,C 
1983-9308,Exacta (Online),B4
8756-758X,Fatigue & Fracture of Engineering Materials & Structures (Print),B1
0430-5027,Finisterra (Lisboa. 1966),B3
0168-874X,Finite Elements in Analysis and Design,A2
0379-7112,Fire Safety Journal,A1
0308-0501,Fire and Materials,A2
1982-4688,Floresta (Online) (Curitiba),B4
1415-0980,Floresta e Ambiente,B4
0308-8146,Food Chemistry,B2
0956-7135,Food Control,B2
0378-1127,Forest Ecology and Management,B2
2296-858X,Frontiers in Medicine,C 
2095-2635,Frontiers of Architectural Research,B3
1980-0827,Fórum Ambiental da Alta Paulista,B5
2317-9627,Fórum Municipal & Gestão das Cidades,C 
1984-2430,"GEPROS. Gestão da Produção, Operações e Sistemas (Online)",B4
2358-0666,Gavagai: Revista Interdisciplinar de Humanidades,C 
1676-5680,Genetics and Molecular Research,B1
1980-900X,Geociências (São Paulo. Online),B2
1578-5157,Geofocus (Madrid),B5
0100-7912,Geografia (Rio Claro. Impresso),B4
1984-1647,Geografia em Atos (Online),B4
0091-7613,"Geology (Boulder, Colo.)",A1
0169-555X,Geomorphology (Amsterdam),A1
0104-4486,Geonomos,B4
0094-8276,Geophysical Research Letters,A2
1072-6349,Geosynthetics International,A2
1751-7613,Geosynthetics International (Online),A2
0046-5828,Geotechnical Engineering Journal of the SEAGS & AGSSEA,B2
0016-8505,Geotechnique,A1
0379-9522,Geotecnia (Lisboa),B3
0266-1144,Geotextiles and Geomembranes,A1
0104-530X,Gestão & Produção (UFSCAR. Impresso),B2
1981-1543,Gestão & Tecnologia de Projetos,B4
2248-9630,Global Journal of Environmental Science and Technology,C 
0975-5861,Global Journal of Researches in Engineering,B5
1790-7632,Global NEST Journal,B1
1809-6646,Governet. Boletim de Licitações e Contratos,B5
2043-0779,Greenhouse Gas Measurement and Management,B2
2045-2543,Géotechnique Letters,B5
1519-8634,HOLOS Environment (Online),B4
0197-3975,Habitat International,A2
0719-0700,Habitat Sustentable,B4
1949-5005,Health (Irvine),B5
2236-8906,Hoehnea,B4
1807-1600,Holos (Natal. Online),B5
0018-3768,Holz als Roh- und Werkstoff (Print) / European Journal of Wood and Wood Products (Print),B2
1980-2218,Hydro (São Paulo),B5
0018-8158,Hydrobiologia (The Hague. Print),B1
0885-6087,Hydrological Processes (Print),A1
0262-6667,Hydrological Sciences Journal,A1
1812-2116,Hydrology and Earth System Sciences Discussions (Online),C 
1980-1726,Hygeia : Revista Brasileira de Geografia Médica e da Saúde (Uberlândia),B4
0144-7815,IAHS-AISH Publication,B2
0278-0097,IEEE Technology & Society Magazine,B2
1735-1472,INT J ENVIRON SCI TE,A1
0219-6220,INTERNATIONAL JOURNAL OF INFORMATION TECHNOLOGY & DECISION MAKING,B2
1755-1315,IOP Conference Series. Earth and Environmental Science (Online),B3
1757-8981,IOP Conference Series: Materials Science and Engineering (Print),B5
2250-3021,IOSR Journal of Engineering,B5
2278-1684,IOSR Journal of Mechanical and Civil Engineering,B5
2278-8719,IOSRJEN Journal of Engineering,B5
2220-9964,ISPRS International Journal of Geo-Information,B2
0924-2716,ISPRS Journal of Photogrammetry and Remote Sensing,B1
2090-746X,ISRN Renewable Energy,C 
2237-4523,Iberoamerican Journal of Applied Computing,B5
2175-8018,Iberoamerican Journal of Industrial Engineering,B5
0073-4721,Iheringia. Série Zoologia (Impresso),B2
1461-5517,Impact Assessment and Project Appraisal (Print),B4
2236-269X,Independent Journal of Management & Production,B5
0970-9290,Indian Journal of Dental Research,C 
0926-6690,Industrial Crops and Products (Print),B1
0036-8792,Industrial Lubrication and Tribology,B2
0718-0764,Informacion Tecnologica,B3
0718-3305,Ingeniare. Revista Chilena de Ingeniería (En línea),B2
1518-7012,Interações (UCDB),B3
2325-3991,Interdisciplinary Journal of Portuguese Diaspora Studies,C 
0092-2102,Interfaces (Providence),B2
2316-3313,Interfaces Científicas - Saúde e Ambiente,C 
0236-8722,International Agrophysics,B1
0939-9585,International Association of Geodesy Symposia,C 
0964-8305,International Biodeterioration & Biodegradation,A2
1913-9012,International Business Research,C 
1365-2591,International Endodontic Journal Online,B2
2040-7939,International Journal for Numerical Methods in Biomedical Engineering (Print),B1
0029-5981,International Journal for Numerical Methods in Engineering (Print),A1
0271-2091,International Journal for Numerical Methods in Fluids (Print),A2
0363-9061,International Journal for Numerical and Analytical Methods in Geomechanics (Print),A2
0020-7128,International Journal of Biometeorology (Print),B1
1923-4015,International Journal of Business Administration,C 
0899-8418,International Journal of Climatology,A1
2166-479X,International Journal of Composite Materials,B3
2166-4919,International Journal of Composite Materials (Online),B4
1793-6969,International Journal of Computational Methods,B3
0975-4660,International Journal of Computer Science and Information Technology (Print),B5
2165-8919,International Journal of Ecosystem,C 
0363-907X,International Journal of Energy Research (Print),B1
2076-2895,International Journal of Energy and Environment (Print),B3
0020-7225,International Journal of Engineering Science,B1
1478-9876,International Journal of Environment and Waste Management (Print),B2
0306-7319,International Journal of Environmental Analytical Chemistry (Print),B1
1660-4601,International Journal of Environmental Research and Public Health,A2
0142-1123,International Journal of Fatigue,A1
1459-0263,"International Journal of Food, Agriculture and Environment (Online)",B2
1459-0255,"International Journal of Food, Agriculture and Environment (Print)",B3
1532-3641,International Journal of Geomechanics,B2
2156-8359,International Journal of Geosciences,B3
0020-7292,International Journal of Gynaecology and Obstetrics,B1
0017-9310,International Journal of Heat and Mass Transfer,A2
1448-5869,International Journal of Hybrid Intelligent Systems,B5
0360-3199,International Journal of Hydrogen Energy,A2
1712-7882,International Journal of Innovations in Materials Science and Engineering,C 
1349-4198,"International Journal of Innovative Computing, Information & Control",B2
2043-8656,International Journal of Lifecycle Performance Engineering,C 
1742-7967,International Journal of Logistics Systems and Management (Print),B2
2166-5389,International Journal of Materials Engineering,B3
2166-5400,International Journal of Materials Engineering,B3
0020-7403,International Journal of Mechanical Sciences,B1
1998-4448,International Journal of Mechanics,C 
2095-2686,International Journal of Mining Science and Technology,B3
1982-6036,International Journal of Modeling and Simulation for the Petroleum Industry (Impresso),B3
1982-6028,International Journal of Modeling and Simulation for the Petroleum Industry (Online),B4
1422-0067,International Journal of Molecular Sciences (Online),B1
2277-4459,International Journal of New Innovations,C 
0020-7462,International Journal of Non-Linear Mechanics,A2
0973-1318,International Journal of Performability Engineering,B3
1522-6514,International Journal of Phytoremediation,B1
0749-6419,International Journal of Plasticity,A1
0308-0161,International Journal of Pressure Vessels and Piping,A2
1442-133X,International Journal of Renewable Energy Engineering,B5
2076-734X,International Journal of Research and Reviews in Applied Sciences,C 
1365-1609,International Journal of Rock Mechanics and Mining Sciences (1997),A2
0020-7683,International Journal of Solids and Structures,A1
0219-4554,International Journal of Structural Stability and Dynamics,B1
1743-761X,International Journal of Sustainable Development and Planning (Online),B2
1743-7601,International Journal of Sustainable Development and Planning: encouraging the unified approach to achieve sustainability,B4
0268-3768,"International Journal, Advanced Manufacturing Technology",A2
2010-4626,International Proceedings of Economics Development and Research,C 
2035-1755,International Review of Chemical Engineering (Testo Stampato),B4
2036-9913,International Review of Civil Engineering,B4
2306-9007,International Review of Management and Business Research,C 
1970-8742,International Review of Mechanical Engineering,C 
1970-8734,International Review of Mechanical Engineering (Testo Stampato),B3
2227-2763,International journal of civil & Environmental Engineering,B3
1808-3765,Irriga (UNESP. CD-ROM),B2
2291-9694,JMIR Medical Informatics,C 
1203-8407,Journal of AOTs. Advanced Oxidation Technologies,B1
0169-4243,Journal of Adhesion Science and Technology (Print),B2
2175-9146,Journal of Aerospace Technology and Management (Online),B3
0969-6997,Journal of Air Transport Management,A2
0925-8388,Journal of Alloys and Compounds,A2
0267-9477,Journal of Analytical Atomic Spectrometry (Print),B2
0926-9851,Journal of Applied Geophysics,B1
0175-8659,Journal of Applied Ichthyology,B2
0021-8936,Journal of Applied Mechanics,A2
0021-8995,Journal of Applied Polymer Science (Print),B2
1931-3195,Journal of Applied Remote Sensing,B1
2221-1004,Journal of Applied Science and Technology,C 
1360-0532,Journal of Applied Statistics,B2
0305-4403,Journal of Archaeological Science,B3
1556-6560,Journal of Biobased Materials and Bioenergy,A2
0268-2575,Journal of Chemical Technology and Biotechnology (1986),A2
0021-9568,Journal of Chemical and Engineering Data,A2
2090-9063,Journal of Chemistry,C 
1934-7375,Journal of Chemistry and Chemical Engineering,B5
2163-2340,Journal of Civil Engineering Research,C 
1934-7367,Journal of Civil Engineering and Architecture (Online),B3
1934-7359,Journal of Civil Engineering and Architecture (Print),B3
1392-3730,Journal of Civil Engineering and Management,B1
0959-6526,Journal of Cleaner Production,A1
0749-0208,Journal of Coastal Research,A2
1551-5036,Journal of Coastal Research,A2
0021-9797,Journal of Colloid and Interface Science (Print),B1
1090-0268,Journal of Composites for Construction,A2
0733-9364,Journal of Construction Engineering and Management,B1
0143-974X,Journal of Constructional Steel Research,A2
0169-7722,Journal of Contaminant Hydrology,A1
0733-9402,Journal of Energy Engineering,B1
0195-0738,Journal of Energy Resources Technology,A2
1726-0531,"Journal of Engineering, Dsign and Technology",B3
1464-3332,Journal of Environmental Assessment Policy and Management,B2
2213-3437,Journal of Environmental Chemical Engineering,B4
0733-9372,"Journal of Environmental Engineering (New York, N.Y.)",A1
0301-4797,Journal of Environmental Management,A1
2152-2219,Journal of Environmental Protection (Online),C 
2152-2197,Journal of Environmental Protection (Print),B3
0047-2425,Journal of Environmental Quality,A1
1093-4529,"Journal of Environmental Science and Health. Part A, Toxic Hazardous Substances and Environmental Engineering",A2
0360-1234,"Journal of Environmental Science and Health. Part B. Pesticides, Food Contaminants, and Agricultural Wastes",B2
2277-0704,Journal of Environmental Science and Water Resources,B3
1746-4269,Journal of Ethnobiology and Ethnomedicine,B3
1090-0241,Journal of Geotechnical and Geoenvironmental Engineering,A2
0304-3894,Journal of Hazardous Materials (Print),A1
2317-3084,Journal of Health and Biological Sciences,C 
1381-1231,Journal of Heuristics,B2
1084-0699,Journal of Hydrologic Engineering,A2
0022-1694,Journal of Hydrology (Amsterdam),A1
1972-2680,Journal of Infection in Developing Countries (Online),B2
1469-1930,Journal of Intellectual Capital,B3
0921-0296,Journal of Intelligent & Robotic Systems,B1
2150-8410,Journal of Intelligent Learning Systems and Applications,C 
2374-2682,Journal of Law and Criminal Justice,C 
1076-5174,Journal of Mass Spectrometry (Print),B1
0924-0136,Journal of Materials Processing Technology,A2
2238-7854,Journal of Materials Research and Technology,B4
0022-2461,Journal of Materials Science,A1
1934-8959,Journal of Materials Science and Engineering,B2
0899-1561,Journal of Materials in Civil Engineering,A1
2159-5275,Journal of Mechanics Engineering and Automation,C 
2156-7018,Journal of Medical Imaging and Health Informatics,B1
1996-0875,Journal of Medicinal Plant Research,B2
0376-7388,Journal of Membrane Science (Print),A2
1948-5948,Journal of Microbial & Biochemical Technology,B3
0167-7012,Journal of Microbiological Methods,B2
0022-2720,Journal of Microscopy (Print),B2
2317-3963,Journal of Modern Project Management,B5
1381-1169,"Journal of Molecular Catalysis. A, Chemical (Print)",B1
0022-2860,Journal of Molecular Structure (Print),B1
1687-4129,Journal of Nanomaterials,C 
0892-7219,Journal of Offshore Mechanics and Arctic Engineering,B1
0920-4105,Journal of Petroleum Science & Engineering,B1
0022-3670,Journal of Physical Oceanography,B1
1742-6596,Journal of Physics. Conference Series (Online),B5
1538-5132,Journal of Planning History,C 
1920-7603,Journal of Pollination Ecology,C 
1052-3928,Journal of Professional Issues in Engineering Education and Practice,B1
1941-7012,Journal of Renewable and Sustainable Energy,A2
2319-1651,Journal of Research in Plant Sciences,C 
1674-7755,Journal of Rock Mechanics and Geotechnical Engineering,B2
0022-4456,Journal of Scientific & Industrial Research (1963),B1
2320-0059,Journal of Scientometric Research,B5
1615-9306,Journal of Separation Science (Print),A2
0730-8000,Journal of Shellfish Research,B2
1439-0108,Journal of Soils and Sediments (Print),A1
0022-460X,Journal of Sound and Vibration,A1
0895-9811,Journal of South American Earth Sciences,B1
0733-9453,Journal of Surveying Engineering,A2
0090-3973,Journal of Testing and Evaluation,B1
1388-6150,Journal of Thermal Analysis and Calorimetry,B2
0946-672X,Journal of Trace Elements in Medicine and Biology,B2
0966-6923,Journal of Transport Geography,A1
2238-1031,Journal of Transport Literature,B3
0733-947X,Journal of Transportation Engineering,A2
0733-9488,Journal of Urban Planning and Development,A2
1982-3932,Journal of Urban and Environmental Engineering (UFPB),B2
1945-3094,Journal of Water Resource and Protection,C 
1945-3108,Journal of Water Resource and Protection,C 
0733-9496,Journal of Water Resources Planning and Management,A2
1606-9935,Journal of Water Supply: Research and Technology. AQUA,B2
1477-8920,Journal of Water and Health,A2
1096-2247,Journal of the Air & Waste Management Association (1995),A2
0022-4928,Journal of the Atmospheric Sciences,B1
1808-3331,Journal of the Brazilian Air Transportation Research Society,B3
0103-5053,Journal of the Brazilian Chemical Society (Impresso),B1
1678-4790,Journal of the Brazilian Chemical Society (Online),B1
1678-5878,Journal of the Brazilian Society of Mechanical Sciences and Engineering (Impresso),B1
0955-2219,Journal of the European Ceramic Society,A1
1688-2873,Journal of the International Hydrologic Program for Latin America and Caribbean (AquaLac),B5
1013-9826,Key Engineering Materials,B2
1662-9795,Key Engineering Materials (Online),B3
2176-8846,Labor & Engenho,B4
1981-1152,Labor & Engenho (Centro de Memória Unicamp),B5
0264-8377,Land Use Policy,A2
0327-0793,Latin American Applied Research,B1
0718-560X,Latin American Journal of Aquatic Research,B3
1679-7817,Latin American Journal of Solids and Structures (Impresso),B1
0023-6438,Lebensmittel-Wissenschaft + Technologie / Food Science + Technology,B2
0302-9743,Lecture Notes in Computer Science,B3
1871-1413,Livestock Science (Print),B2
1806-0382,Lume Arquitetura (São Paulo),C 
1755-2672,Marine Biodiversity Records,B3
1745-1000,Marine Biology Research (Print),B2
0149-0419,Marine Geodesy,B1
0025-326X,Marine Pollution Bulletin.,A2
0951-8339,Marine Structures,B1
0950-2289,Masonry International,B2
1988-3226,Materiales de Construccion,B3
1996-1944,Materials (Basel),A2
1044-5803,Materials Characterization,A2
0167-577X,Materials Letters (General ed.),A2
1516-1439,Materials Research (São Carlos. Impresso),B1
0921-5093,"Materials Science & Engineering. A, Structural Materials: Properties, Microstructure and Processing",A1
0928-4931,"Materials Science & Engineering. C, Biomimetic Materials, Sensors and Systems (Print)",A2
0255-5476,Materials Science Forum,B3
1662-9752,Materials Science Forum (Online),B3
2083-1331,Materials Science-Poland,B2
1359-5997,Materials and Structures,A1
1871-6873,Materials and Structures (Online),C 
1024-123X,Mathematical Problems in Engineering (Print),A2
0378-4754,Mathematics and Computers in Simulation (Print),A2
1081-2865,Mathematics and Mechanics of Solids,B1
2041-3165,"Mathematics in Engineering, Science and Aerospace: the transdisciplinary international journal",B5
1517-7076,Matéria (UFRJ),B2
0025-6455,Meccanica (Milano. Print),A2
0888-3270,Mechanical Systems and Signal Processing,A2
0093-6413,Mechanics Research Communications,A2
1537-6494,Mechanics of Advanced Materials and Structures,A2
1666-6070,Mecánica Computacional,C 
1806-650X,Meio Ambiente Industrial (São Paulo),B5
0874-3738,Metálica,C 
0095-3628,Microbial Ecology,B1
0026-265X,Microchemical Journal (Print),B1
0895-2477,Microwave and Optical Technology Letters (Print),B3
0892-6875,Minerals Engineering,B1
1982-9922,Minha Cidade,C 
2152-7261,Modern Economy,B5
1420-3049,Molecules (Basel. Online),A2
1828-695X,Multidisciplinary Respiratory Medicine,B3
1573-0832,Mycopathologia (Dordrecht. Online),B3
0921-030X,Natural Hazards (Dordrecht),B1
1679-0073,Natureza & Conservação,B1
1806-7409,Natureza On Line (Espírito Santo),B5
1809-9939,Neotropical Biology and Conservation,B3
0941-0643,Neural Computing & Applications (Print),B1
1210-0552,Neural Network World (Prague),B1
1516-6481,Novos Cadernos NAEA,B5
0168-9002,"Nuclear Instruments & Methods in Physics Research. Section A, Accelerators, Spectrometers, Detectors and Associated Equipment (Print)",B1
1980-3990,O Mundo da Saúde (Online),C 
0031-1057,O Papel (São Paulo),B4
0964-5691,Ocean & Coastal Management,A2
0029-8018,Ocean Engineering,A2
1519-7727,Oculum Ensaios (PUCCAMP),B4
1982-7784,Olam: Ciência & Tecnologia (Rio Claro. Online),B5
2164-3164,Open Journal of Civil Engineering,B3
2161-718X,Open Journal of Statistics,C 
1389-4420,Optimization and Engineering (Print),B1
1984-6428,Orbital: the Electronic Journal of Chemistry,B3
1679-0944,P@ranoá (UnB),B4
1980-6809,PARC : Pesquisa em Arquitetura e Construção,B5
1935-2735,PLoS Neglected Tropical Diseases (Online),B2
0104-6098,Paisagem e Ambiente,B4
1809-9009,Pan-American Journal of Aquatic Sciences,B3
1516-9111,Papers do NAEA (UFPA),B5
1677-7395,Paranoá (UnB),B5
1756-3305,Parasites & Vectors,B1
2317-8604,Periódico Técnico e Científico Cidades Verdes,C 
2236-885X,Perspectivas online: exatas e engenharias,B5
0100-204-X,Pesquisa Agropecuária Brasileira,B5
0100-204X,Pesquisa Agropecuária Brasileira (1977. Impressa),B1
0101-7438,Pesquisa Operacional (Impresso),B2
1984-3534,Pesquisa Operacional para o Desenvolvimento,B5
1091-6466,Petroleum Science and Technology,B1
1474-905X,Photochemical & Photobiological Sciences (Print),B1
1550-7998,"Physical Review. D, Particles, Fields, Gravitation, and Cosmology",B2
0370-2693,Physics Letters. B (Print),B1
0266-5433,Planning Perspectives (Print),B2
0032-0862,Plant Pathology (Print),B2
1612-8850,Plasma Processes and Polymers (Print),B1
1932-6203,Plos One,A2
1809-8169,Politécnica (Instituto Politécnico da Bahia),B5
0277-5387,Polyhedron,A2
0104-1428,Polímeros (São Carlos. Impresso),B1
1678-5169,Polímeros (São Carlos. Online),B4
1385-2256,Precision Agriculture (Print),B2
1877-7058,Procedia Engineering,B3
1877-0428,Procedia: Social and Behavioral Sciences,C 
1751-7699,Proceedings of ICE. Municipal Engineer (Online),B4
1751-7710,Proceedings of ICE. Transport (Online),B1
1755-0807,Proceedings of The Institution of Civil Engineers. Urban design and Planning (Online),B1
1478-4637,Proceedings of the Institution of Civil Engineers. Bridge Engineering,B2
0965-0903,Proceedings of the Institution of Civil Engineers. Municipal Engineer,B1
0965-0911,Proceedings of the Institution of Civil Engineers. Structures and Buildings,B1
0027-8424,Proceedings of the National Academy of Sciences of the United States of America,A1
1359-5113,Process Biochemistry (1991),A2
1983-8025,Produto e Produção,C 
0103-6513,Produção (São Paulo. Impresso),B2
0099-0027,Professional Safety,B5
1806-0285,Profiscientia (Cuiabá),C 
0149-1970,Progress in Nuclear Energy (New Series),B1
2176-6142,Quaternary and Environmental Geosciences,B3
0100-4042,Química Nova (Impresso),B3
2177-2738,RA'E GA: o Espaço Geográfico em Análise,B5
1808-0936,RBC. Revista Brasileira de Cartografia (Online),B3
0951-4198,RCM. Rapid Communications in Mass Spectrometry,B2
1806-4051,REGA. Revista de Gestão de Águas da América Latina,B3
0370-4467,REM. Revista Escola de Minas (Impresso),B2
0969-806X,Radiation Physics and Chemistry (1993),B1
1981-9951,Rama : Revista em Agronegócio e Meio Ambiente,B3
0870-1741,Recursos Hídricos (Lisboa),B3
1982-6745,Redes (Santa Cruz do Sul. Online),C 
1436-3798,Regional Environmental Change (Print),A2
1364-0321,Renewable & Sustainable Energy Reviews,A1
0960-1481,Renewable Energy,A1
0739-8859,Research in Transportation Economics,B2
0921-3449,"Resources, Conservation and Recycling",A1
1061-2971,Restoration Ecology,B2
2318-3675,ReuMinds,C 
2237-3667,"Reunir: Revista de Administracao, Ciencias Contabeis e Sustentabilidade",B4
0718-378X,Revista AIDIS de Ingeniería y Ciencias Ambientales,B3
0028-9531,Revista ALCONPAT,B3
2176-2597,Revista ANTT,B4
1984-428X,Revista Agrogeoambiental,B5
1983-716X,Revista Alcance (Online),B5
1980-993X,Revista Ambiente & Água,B5
2317-3467,Revista Biomotriz,C 
1982-7679,Revista Brasileira de Agricultura Irrigada,B5
0560-4613,Revista Brasileira de Cartografia (Impresso),B3
0100-0683,Revista Brasileira de Ciência do Solo (Impresso),B1
1808-4524,Revista Brasileira de Ciências Ambientais,B3
1980-055X,Revista Brasileira de Climatologia,B3
1981-1764,Revista Brasileira de Educação Ambiental (Online),B4
0104-303X,Revista Brasileira de Energia,B5
1415-4366,Revista Brasileira de Engenharia Agrícola e Ambiental (Impresso),B2
1807-1929,Revista Brasileira de Engenharia Agrícola e Ambiental (Online),B2
1517-3151,Revista Brasileira de Engenharia Biomédica (Impresso),B2
1982-873X,Revista Brasileira de Ensino de Ciência e Tecnologia,B5
0034-7175,Revista Brasileira de Estatística,B4
2358-1239,Revista Brasileira de Estudos do Lazer,C 
0375-7536,Revista Brasileira de Geociências,B4
0102-261X,Revista Brasileira de Geofísica (Impresso),B2
1984-2295,Revista Brasileira de Geografia Física,B5
2236-5664,Revista Brasileira de Geomorfologia,B3
1519-1540,Revista Brasileira de Geomorfologia,B4
2317-4285,Revista Brasileira de Geomática,B5
1809-239X,Revista Brasileira de Gestão e Desenvolvimento Regional,B2
0102-7786,Revista Brasileira de Meteorologia (Impresso),B2
1982-6125,Revista Brasileira de Pesquisa em Turismo,B5
1516-1846,Revista CEFAC (Impresso),B5
2176-4565,Revista CIATEC-UPF,B4
1983-2125,Revista Caatinga (Online),B3
0100-316X,Revista Caatinga (UFERSA. Impresso),B1
0034-737X,Revista Ceres,B3
1982-5285,Revista Científica Facimed,C 
2236-6733,Revista Ciência e Tecnologia,B5
1679-4605,Revista Ciência em Extensão,B5
1414-0896,Revista Ciências Administrativas (UNIFOR),C 
1677-5090,Revista Ciências Médicas e Biológicas,C 
2176-0144,Revista Conexões - Ciência e tecnologia,C 
2176-8501,Revista Conhecimento Online,B5
2316-9060,Revista Cultura e Extensão USP,C 
0101-6040,Revista DAE,B3
1806-8365,Revista Desafios do Desenvolvimento,B5
1808-2432,Revista Direito GV,B5
0120-8160,Revista EAN,C 
2317-5451,Revista ELO - Diálogos em Extensão,C 
0100-4956,Revista Econômica do Nordeste,B3
2316-350X,Revista Eletrônica FACP,C 
2317-563X,Revista Eletrônica de Gestão e Tecnologias Ambientais,B5
1809-8797,Revista Eletrônica de Materiais e Processos (UFCG),B4
2236-1170,"Revista Eletrônica em Gestão, Educação e Tecnologia Ambiental",B5
1980-3915,Revista Emergência (Novo Hamburgo),C 
0120-6230,Revista Facultad de Ingeniería Universidad de Antioquia,B2
2237-0722,"Revista GEINTEC: gestao, inovacao e tecnologias",B5
1517-4999,Revista GeoPantanal,B5
1981-089X,Revista Geografar (UFPR),B5
2238-8753,Revista Gestão & Sustentabilidade Ambiental,B4
1808-0448,Revista Gestão Industrial,B4
1677-9762,Revista Gestão do Conhecimento (Curitiba. Impresso),C 
1983-4195,Revista IBRACON de Estruturas e Materiais,B2
1548-0992,Revista IEEE América Latina,B1
2358-5951,Revista Iniciativa Econômica,B5
2316-7041,Revista Internacional de Ciências,B4
0213-1315,Revista Internacional de Métodos Numéricos para Cálculo y Diseño en Ingeniería,B1
1518-8345,Revista Latino-Americana de Enfermagem (Online),B5
0104-1169,Revista Latino-Americana de Enfermagem (USP. Ribeirão Preto. Impresso),B3
2222-2596,Revista Latinoamericana de Derecho y Políticas Ambientales,C 
1518-8043,Revista Liberato (Novo Hamburgo),C 
1806-0390,Revista Limpeza Pública,C 
2027-1557,Revista Lucíernaga,C 
2237-7964,Revista Madeira: Arquitetura e Engenharia,B5
2316-2856,Revista Meio Ambiente e Sustentabilidade,B5
2316-4522,Revista Militar de Ciência e Tecnologia,B3
1981-4089,Revista Mirante (UFG),C 
2236-1308,Revista Monografias Ambientais,B3
1982-1832,Revista Mundologística,C 
2236-5567,Revista Paranaense de Desenvolvimento (Online),B5
1809-1865,Revista Pavimentação,B4
1645-4464,Revista Portuguesa e Brasileira de Gestão (Lisboa),B3
1676-1901,Revista Produção Online,B4
1809-3957,Revista SODEBRAS,C 
1984-3526,Revista Tecnologia e Sociedade (Online),B4
0254-0770,Revista Técnica de la Facultad de Ingeniería. Universidad del Zulia,B2
1981-8203,Revista Verde de Agroecologia e Desenvolvimento Sustentável,B4
1984-6835,Revista Virtual de Química,B5
2238-9377,Revista da Estrutura de Aço,B4
1517-0276,Revista da Universidade Vale do Rio Verde,B5
1983-4659,Revista de Administração da UFSM,B5
1657-0308,Revista de Arquitectura,C 
0103-8575,Revista de Ciência & Tecnologia,B5
2176-7270,Revista de Engenharia e Tecnologia,B4
2236-0158,Revista de Ensino de Engenharia,B4
0101-5001,Revista de Ensino de Engenharia,B4
0000-000X,Revista de Epidemiologia e Controle de Infecção,B5
2238-6211,Revista de Geografia,C 
0104-5490,Revista de Geografia (Recife),B4
0103-2410,Revista de Geologia (Fortaleza),B4
1851-7838,Revista de Geología Aplicada a la Ingeniería y al Ambiente,B4
1807-1775,Revista de Gestão da Tecnologia e Sistemas de Informação (Online),B5
1753-6847,Revista de História da Biblioteca Nacional,C 
1815-5928,"Revista de Ingeniería Electrónica, Automática y Comunicaciones",C 
0718-5073,Revista de Ingeniería de Construcción (En línea),B2
2178-2865,Revista de Políticas Públicas,C 
0370-694X,Revista de Química Industrial,C 
1413-8131,Revista de Tecnologia e Ambiente,B5
0717-7925,Revista de la Construcción (Santiago),B2
1315-2556,Revista de la Sociedad Venezolana de Microbiología,B5
0036-4665,Revista do Instituto de Medicina Tropical de São Paulo (Impresso),B1
0102-7212,Revista dos Transportes Públicos,B3
0100-6762,Revista Árvore (Impresso),B1
1806-9088,Revista Árvore (Online),B2
1493-8871,Revue Organisations & Territoires,B5
1679-3498,Risco (São Carlos),B5
1468-0629,Road Materials and Pavement Design,A2
2178-9061,Rosa dos Ventos,C 
1980-5160,S & G. Sistemas & Gestão,B4
1980-0002,SaBios (Faculdade Integrado de Campo Mourão. Online),B5
0103-7056,Saneamento Ambiental,B4
0104-1290,Saúde e Sociedade (USP. Impresso),B1
0036-8075,"Science (New York, N.Y.)",A1
0048-9697,Science of the Total Environment,A1
0103-9016,Scientia Agricola (USP. Impresso),B2
1413-9324,Scientia Forestalis (IPEF),B2
1808-2793,Scientia Plena,B4
1676-5451,Semina. Ciências Exatas e Tecnológicas (Impresso),B4
0149-6395,Separation Science and Technology (Print),B1
1383-5866,Separation and Purification Technology (Print),A1
0037-5497,"Simulation (San Diego, Calif.)",B1
1677-499X,Sinergia (CEFETSP),B5
1981-4240,Sistemas Prediais,B5
1982-4513,Sociedade & Natureza (UFU. Online),B2
1415-5893,Sociedade e Território (Natal),B5
0167-1987,Soil & Tillage Research,A2
0038-0717,Soil Biology & Biochemistry,B1
1980-9743,Soils & Rocks,B2
0584-8547,"Spectrochimica Acta. Part B, Atomic Spectroscopy",B1
2193-1801,SpringerPlus,B2
1436-3240,Stochastic Environmental Research and Risk Assessment (Print),A1
1545-2255,Structural Control & Health Monitoring (Print),A2
0167-4730,Structural Safety,A1
0263-080X,Structural Survey,B2
1615-1488,Structural and Multidisciplinary Optimization (Internet),A1
1615-147X,Structural and Multidisciplinary Optimization (Print),A1
0257-8972,Surface & Coatings Technology,A2
2071-1050,Sustainability (Basel),B1
2043-7129,Sustainable Chemical Processes,B5
2179-9067,Sustentabilidade em Debate,C 
1677-1966,TEMA. Tendências em Matemática Aplicada e Computacional,B3
0104-1053,Techne : Revista de Tecnologia da Construção (São Paulo),B4
1982-6753,Tecno-lógica (Santa Cruz do Sul . Online),B4
1414-8498,Tecnologia & Cultura (CEFET/RJ),B5
2176-1515,"Tecnologia em Metalurgia, Materiais e Mineração (Impresso)",B5
1970-9889,Tema,B5
0872-8941,Territorium (Coimbra),B4
1816-0719,The Biologist (Lima),C 
2090-4819,The Cairo Review of Global Affairs,C 
1089-3032,The Electronic Journal of Geotechnical Engineering,B2
1951-6401,The European Physical Journal. Special Topics (Online),B2
0256-6419,The FIEP Bulletin,B4
0948-3349,The International Journal of Life Cycle Assessment,A2
0735-0120,The International Journal of Orofacial Myology,B3
1029-8436,The International Journal of Pavement Engineering,B1
2325-1166,The International Journal of Sustainability Policy and Practice,B4
1029-8479,The Journal of High Energy Physics (Online),B1
1088-1697,The Journal of Solid Waste Technology and Management,B2
2093-0569,The Korean Journal of Pain,C 
1876-2166,The Open Occupational Health & Safety Journal,C 
1874-3064,The Open Respiratory Medicine Journal,C 
1541-7794,The Structural Design of Tall and Special Buildings,A2
2197-0025,Theoretical and Experimental Plant Physiology,C 
0040-6090,Thin Solid Films,A2
0263-8231,Thin-Walled Structures,A2
2182-8458,Tourism & Management Studies,C 
0378-4274,Toxicology Letters,B1
1750-6166,Transforming Government (Print),B2
0361-1981,Transportation Research Record,B1
0965-8564,"Transportation Research. Part A, Policy and Practice",A1
1361-9209,"Transportation Research. Part D, Transport and Environment",A1
2237-1346,Transportes (Rio de Janeiro),B2
1516-0025,Traços (UNAMA),B5
1679-3005,Tropical Oceanography (Impresso),B3
1679-3013,Tropical Oceanography (Online),B4
1350-4177,Ultrasonics Sonochemistry,B2
1984-7459,Universitas (Araçatuba),B3
2212-0955,Urban Climate,B2
1027-4278,Urban Morphology,B2
1982-0569,Urbana - Revista Eletrônica do Centro Interdisciplinar de Estudos da Cidade,B5
2175-3369,Urbe. Revista Brasileira de Gestão Urbana,B4
1415-2843,Vértices (Campos dos Goitacazes),B5
1743-3541,WIT Transactions on Ecology and the Environment (Online),B2
1746-448X,WIT Transactions on Ecology and the Environment (Print),B2
1743-3533,WIT Transactions on Engineering Sciences (Online),B5
1743-3509,WIT Transactions on the Built Environment (Online),B2
1746-4498,WIT Transactions on the Built Environment (Print),B2
0956-053X,Waste Management (Elmsford),A1
0734-242X,Waste Management and Research,A2
2073-4441,Water,B3
1061-4303,Water Environment Research,A2
0250-8060,Water International,A2
1366-7017,Water Policy,B1
1876-1658,"Water Quality, Exposure and Health",B5
0043-1354,Water Research (Oxford),A1
0920-4741,Water Resources Management,A1
0043-1397,Water Resources Research,A1
2316-6886,Water Resources and Irrigation Management,B5
0378-4738,Water S.A.,A2
0273-1223,Water Science and Technology,A1
1606-9749,Water Science and Technology: Water Supply (Print),B1
1573-2932,"Water, Air and Soil Pollution (Dordrecht. Online)",B2
0049-6979,"Water, Air and Soil Pollution (Print)",A1
1051-9815,"Work (Reading, MA)",B2
0959-3993,World Journal of Microbiology & Biotechnology,B1
1178-9913,Zoosymposia,C 
0344-8657,Zuckerindustrie (Berlin) / Sugar Industry (Berlin),B2
1982-6737,Ágora (UNISC. Online),C 
2179-9784,Águas Subterrâneas,B3
0101-7004,Águas Subterrâneas (São Paulo),B3